<?xml version="1.0" encoding="UTF-8"?>
<rss version="2.0" xmlns:ror="http://rorweb.com/0.1/" >
<channel>
  <title>ROR Sitemap for https://appliancerepairservicesnyc.github.io/mrappliancerepair/</title>
  <link>https://appliancerepairservicesnyc.github.io/mrappliancerepair/</link>

<item>
     <link>https://appliancerepairservicesnyc.github.io/mrappliancerepair/</link>
     <title>Refrigeration Repair Manhattan New York - Expert Refrigerator Repairs in Manhattan, NY</title>
     <description>Refrigeration Repair Manhattan offers expert, same-day refrigerator repair in Manhattan, NY, and surrounding areas since 1993. Specializing in top brands like Samsung, Bosch, and more.</description>
     <ror:updatePeriod></ror:updatePeriod>
     <ror:sortOrder>0</ror:sortOrder>
     <ror:resourceOf>sitemap</ror:resourceOf>
</item>
</channel>
</rss>
  